lat,lon,alt,dt,ts
41.176654,-73.186676,14.08707,2015-01-23 20:58:23,1422046703
41.176616,-73.186646,15.47617,2015-01-23 20:59:13,1422046753
41.176429,-73.18657,15.433414,2015-01-23 20:59:14,1422046754
41.176391,-73.186556,15.215549,2015-01-23 20:59:15,1422046755
41.176209,-73.186509,14.30106,2015-01-23 20:59:16,1422046756
41.176031,-73.186517,14.374393,2015-01-23 20:59:17,1422046757
41.175916,-73.186501,13.930363,2015-01-23 20:59:18,1422046758
41.175737,-73.186443,12.97916,2015-01-23 20:59:19,1422046759
41.175551,-73.18625,14.243595,2015-01-23 20:59:20,1422046760
41.175413,-73.186226,14.251286,2015-01-23 20:59:21,1422046761
41.175286,-73.18624,13.388798,2015-01-23 20:59:22,1422046762
41.175232,-73.186169,16.801365,2015-01-23 20:59:23,1422046763
41.175117,-73.186121,17.53931,2015-01-23 20:59:24,1422046764
41.17503,-73.18609,17.491611,2015-01-23 20:59:25,1422046765
41.174942,-73.186056,17.461002,2015-01-23 20:59:26,1422046766
41.174834,-73.186001,17.524479,2015-01-23 20:59:27,1422046767
41.174743,-73.185956,17.475681,2015-01-23 20:59:28,1422046768
41.174655,-73.186002,17.494572,2015-01-23 20:59:29,1422046769
41.174565,-73.185991,17.454563,2015-01-23 20:59:30,1422046770
41.174464,-73.18598,17.399387,2015-01-23 20:59:31,1422046771
41.174371,-73.185964,17.238499,2015-01-23 20:59:32,1422046772
41.174278,-73.185946,17.158939,2015-01-23 20:59:33,1422046773
41.174194,-73.185932,16.992344,2015-01-23 20:59:34,1422046774
41.174062,-73.185886,17.283848,2015-01-23 20:59:35,1422046775
41.173966,-73.185874,17.222263,2015-01-23 20:59:36,1422046776
41.173929,-73.185876,17.221079,2015-01-23 20:59:37,1422046777
41.173828,-73.185872,16.594055,2015-01-23 20:59:38,1422046778
41.173711,-73.185863,16.51753,2015-01-23 20:59:39,1422046779
41.173593,-73.185854,16.473972,2015-01-23 20:59:40,1422046780
41.173481,-73.185833,16.464458,2015-01-23 20:59:41,1422046781
41.173375,-73.185815,16.420029,2015-01-23 20:59:42,1422046782
41.173274,-73.185798,16.362713,2015-01-23 20:59:43,1422046783
41.173155,-73.185781,16.33659,2015-01-23 20:59:44,1422046784
41.173042,-73.185825,16.195919,2015-01-23 20:59:45,1422046785
41.172936,-73.185845,16.078686,2015-01-23 20:59:46,1422046786
41.172829,-73.185861,15.984938,2015-01-23 20:59:47,1422046787
41.172666,-73.185892,15.885564,2015-01-23 20:59:48,1422046788
41.172474,-73.185925,17.570072,2015-01-23 20:59:49,1422046789
41.172409,-73.185947,17.478306,2015-01-23 20:59:50,1422046790
41.172305,-73.185985,17.471836,2015-01-23 20:59:51,1422046791
41.172199,-73.186025,17.474949,2015-01-23 20:59:53,1422046793
41.172118,-73.186054,17.579655,2015-01-23 20:59:54,1422046794
41.172017,-73.186099,17.475681,2015-01-23 20:59:55,1422046795
41.17186,-73.186263,16.588017,2015-01-23 20:59:56,1422046796
41.171682,-73.18643,16.003269,2015-01-23 20:59:57,1422046797
41.171522,-73.186463,15.65134,2015-01-23 20:59:58,1422046798
41.171413,-73.186577,15.393803,2015-01-23 20:59:59,1422046799
41.171268,-73.186666,14.093266,2015-01-23 21:00:00,1422046800
41.171053,-73.186683,6.072361,2015-01-23 21:00:01,1422046801
41.170994,-73.186744,5.937504,2015-01-23 21:00:02,1422046802
41.170987,-73.186845,10.089237,2015-01-23 21:00:03,1422046803
41.170896,-73.186953,9.683567,2015-01-23 21:00:04,1422046804
41.170864,-73.187047,4.169956,2015-01-23 21:00:05,1422046805
41.170935,-73.187117,12.768009,2015-01-23 21:00:06,1422046806
41.170858,-73.187247,11.806614,2015-01-23 21:00:07,1422046807
41.17079,-73.187357,11.780399,2015-01-23 21:00:08,1422046808
41.170722,-73.187468,11.750584,2015-01-23 21:00:09,1422046809
41.170646,-73.18756,11.22916,2015-01-23 21:00:10,1422046810
41.170565,-73.18767,10.808109,2015-01-23 21:00:11,1422046811
41.170445,-73.187822,9.341892,2015-01-23 21:00:12,1422046812
41.170375,-73.187958,8.02216,2015-01-23 21:00:13,1422046813
41.170271,-73.188113,7.110905,2015-01-23 21:00:14,1422046814
41.170225,-73.18818,6.632786,2015-01-23 21:00:15,1422046815
41.170151,-73.188363,7.418072,2015-01-23 21:00:21,1422046821
41.170117,-73.188495,7.873041,2015-01-23 21:00:22,1422046822
41.170085,-73.188611,8.114029,2015-01-23 21:00:23,1422046823
41.170032,-73.188744,8.262292,2015-01-23 21:00:24,1422046824
41.169998,-73.188857,8.257859,2015-01-23 21:00:25,1422046825
41.169967,-73.188966,8.270164,2015-01-23 21:00:26,1422046826
41.169929,-73.189077,8.30531,2015-01-23 21:00:27,1422046827
41.169888,-73.189189,8.332292,2015-01-23 21:00:28,1422046828
41.169829,-73.189355,8.458852,2015-01-23 21:00:29,1422046829
41.169816,-73.18942,8.520002,2015-01-23 21:00:30,1422046830
41.169807,-73.189447,8.572634,2015-01-23 21:00:31,1422046831
41.169768,-73.189531,8.620627,2015-01-23 21:00:32,1422046832
41.169719,-73.189638,8.679912,2015-01-23 21:00:33,1422046833
41.169673,-73.189739,8.722441,2015-01-23 21:00:34,1422046834
41.169627,-73.189839,8.740621,2015-01-23 21:00:35,1422046835
41.169185,-73.190745,8.802564,2015-01-23 21:00:45,1422046845
41.169046,-73.191218,8.853618,2015-01-23 21:00:46,1422046846
41.168983,-73.191439,8.899697,2015-01-23 21:00:47,1422046847
41.168951,-73.191549,8.943542,2015-01-23 21:00:48,1422046848
41.168935,-73.191605,8.985291,2015-01-23 21:00:49,1422046849
41.169022,-73.191829,9.025271,2015-01-23 21:00:50,1422046850
41.169046,-73.191892,9.063724,2015-01-23 21:00:51,1422046851
41.169058,-73.191924,9.100324,2015-01-23 21:00:52,1422046852
41.169064,-73.191939,9.135888,2015-01-23 21:00:53,1422046853
41.169069,-73.191951,9.292406,2015-01-23 21:00:55,1422046855
41.16905,-73.192014,9.392337,2015-01-23 21:00:56,1422046856
41.169379,-73.193801,16.258549,2015-01-23 21:00:57,1422046857
41.169332,-73.193938,16.845158,2015-01-23 21:00:58,1422046858
41.169264,-73.194122,16.911503,2015-01-23 21:00:59,1422046859
41.16924,-73.194238,17.341038,2015-01-23 21:01:00,1422046860
41.169224,-73.194346,17.644657,2015-01-23 21:01:01,1422046861
41.169209,-73.194456,17.717319,2015-01-23 21:01:02,1422046862
41.169171,-73.194565,17.776615,2015-01-23 21:01:03,1422046863
41.169145,-73.194677,17.676151,2015-01-23 21:01:07,1422046867
41.169125,-73.194834,18.32053,2015-01-23 21:01:08,1422046868
41.169107,-73.19492,18.438206,2015-01-23 21:01:09,1422046869
41.169091,-73.194994,18.572727,2015-01-23 21:01:10,1422046870
41.169272,-73.19585,17.64716,2015-01-23 21:01:11,1422046871
41.169278,-73.196068,21.9491,2015-01-23 21:01:12,1422046872
41.169248,-73.196235,21.935123,2015-01-23 21:01:13,1422046873
41.169247,-73.196447,25.109592,2015-01-23 21:01:14,1422046874
41.169218,-73.196619,25.128483,2015-01-23 21:01:15,1422046875
41.169191,-73.196798,24.669865,2015-01-23 21:01:16,1422046876
41.169162,-73.196974,24.685551,2015-01-23 21:01:17,1422046877
41.16914,-73.19717,25.433109,2015-01-23 21:01:18,1422046878
41.169117,-73.197215,25.431816,2015-01-23 21:01:23,1422046883
41.169098,-73.197262,24.982704,2015-01-23 21:01:24,1422046884
41.169069,-73.197336,24.711752,2015-01-23 21:01:27,1422046887
41.169044,-73.197419,24.614721,2015-01-23 21:01:28,1422046888
41.169019,-73.197505,24.503918,2015-01-23 21:01:29,1422046889
41.169013,-73.197525,24.432985,2015-01-23 21:01:30,1422046890
41.169006,-73.19755,24.383514,2015-01-23 21:01:31,1422046891
41.168997,-73.197582,24.284986,2015-01-23 21:01:32,1422046892
41.168989,-73.197612,24.209591,2015-01-23 21:01:33,1422046893
41.168981,-73.197649,24.162483,2015-01-23 21:01:34,1422046894
41.168972,-73.197695,24.121038,2015-01-23 21:01:35,1422046895
41.168961,-73.197751,24.085106,2015-01-23 21:01:36,1422046896
41.168575,-73.200933,24.150513,2015-01-23 21:02:01,1422046921
41.168356,-73.202736,24.19558,2015-01-23 21:02:02,1422046922
41.168242,-73.203855,24.247467,2015-01-23 21:02:03,1422046923
41.168179,-73.204478,24.28713,2015-01-23 21:02:04,1422046924
41.168146,-73.204812,24.318399,2015-01-23 21:02:05,1422046925
41.168127,-73.204994,24.343462,2015-01-23 21:02:06,1422046926
41.168104,-73.20514,24.29907,2015-01-23 21:02:09,1422046929
41.168078,-73.205322,24.281361,2015-01-23 21:02:10,1422046930
41.168061,-73.205597,24.211843,2015-01-23 21:02:11,1422046931
41.16794,-73.207439,23.982698,2015-01-23 21:02:12,1422046932
41.167863,-73.209819,23.73395,2015-01-23 21:02:13,1422046933
41.167837,-73.210623,23.515106,2015-01-23 21:02:14,1422046934
41.167808,-73.211228,23.317375,2015-01-23 21:02:15,1422046935
41.167808,-73.211905,23.142302,2015-01-23 21:02:16,1422046936
41.167822,-73.212252,22.894758,2015-01-23 21:02:17,1422046937
41.167831,-73.212391,22.676727,2015-01-23 21:02:18,1422046938
41.167836,-73.21246,22.485563,2015-01-23 21:02:19,1422046939
41.167858,-73.212674,18.957462,2015-01-23 21:02:20,1422046940
41.167847,-73.212925,18.949802,2015-01-23 21:02:21,1422046941
41.167829,-73.213339,18.9426,2015-01-23 21:02:22,1422046942
41.167823,-73.213474,18.942593,2015-01-23 21:02:23,1422046943
41.167783,-73.21403,19.966125,2015-01-23 21:02:24,1422046944
41.167716,-73.214679,20.346684,2015-01-23 21:02:25,1422046945
41.167685,-73.215404,20.509756,2015-01-23 21:02:26,1422046946
41.167687,-73.216192,20.889595,2015-01-23 21:02:27,1422046947
41.167678,-73.217008,21.285126,2015-01-23 21:02:28,1422046948
41.167661,-73.217825,21.589746,2015-01-23 21:02:29,1422046949
41.167594,-73.218764,23.274876,2015-01-23 21:02:30,1422046950
41.167566,-73.219206,23.290989,2015-01-23 21:02:31,1422046951
41.167541,-73.219638,23.277988,2015-01-23 21:02:32,1422046952
41.167527,-73.220064,23.250034,2015-01-23 21:02:33,1422046953
41.167556,-73.220439,22.746738,2015-01-23 21:02:34,1422046954
41.167408,-73.220841,25.466801,2015-01-23 21:02:35,1422046955
41.167354,-73.221216,25.542454,2015-01-23 21:02:36,1422046956
41.167308,-73.221653,25.655491,2015-01-23 21:02:37,1422046957
41.167279,-73.222058,23.14185,2015-01-23 21:02:38,1422046958
41.167236,-73.222472,23.663975,2015-01-23 21:02:39,1422046959
41.167209,-73.222729,23.373569,2015-01-23 21:02:40,1422046960
41.167167,-73.223114,23.130436,2015-01-23 21:02:41,1422046961
41.167104,-73.223152,23.073307,2015-01-23 21:02:42,1422046962
41.167063,-73.223501,22.947636,2015-01-23 21:02:43,1422046963
41.166941,-73.223729,25.062077,2015-01-23 21:02:44,1422046964
41.166748,-73.2241,24.278843,2015-01-23 21:02:45,1422046965
41.166312,-73.224423,23.436039,2015-01-23 21:02:46,1422046966
41.166128,-73.224838,17.544346,2015-01-23 21:02:47,1422046967
41.166296,-73.22506,24.223728,2015-01-23 21:02:48,1422046968
41.166216,-73.225411,23.397038,2015-01-23 21:02:49,1422046969
41.166165,-73.225604,23.845676,2015-01-23 21:02:50,1422046970
41.166022,-73.225897,25.36475,2015-01-23 21:02:51,1422046971
41.165966,-73.226124,26.516544,2015-01-23 21:02:52,1422046972
41.16573,-73.226812,27.256809,2015-01-23 21:02:53,1422046973
41.165595,-73.227242,30.525639,2015-01-23 21:02:54,1422046974
41.165508,-73.227592,30.32584,2015-01-23 21:02:55,1422046975
41.16533,-73.227886,29.931034,2015-01-23 21:02:56,1422046976
41.16516,-73.228139,10.165745,2015-01-23 21:02:57,1422046977
41.165043,-73.228475,9.786655,2015-01-23 21:02:58,1422046978
41.164919,-73.228722,11.602573,2015-01-23 21:02:59,1422046979
41.164781,-73.229029,10.83466,2015-01-23 21:03:00,1422046980
41.164587,-73.229309,10.965122,2015-01-23 21:03:01,1422046981
41.164442,-73.229598,10.235477,2015-01-23 21:03:02,1422046982
41.164406,-73.229717,15.08997,2015-01-23 21:03:03,1422046983
41.164249,-73.230021,14.179935,2015-01-23 21:03:04,1422046984
41.164043,-73.230236,12.158512,2015-01-23 21:03:05,1422046985
41.163845,-73.230459,11.51981,2015-01-23 21:03:06,1422046986
41.1637,-73.230744,8.82523,2015-01-23 21:03:07,1422046987
41.163536,-73.230927,13.219608,2015-01-23 21:03:08,1422046988
41.163407,-73.231244,7.584049,2015-01-23 21:03:09,1422046989
41.163235,-73.231472,7.616489,2015-01-23 21:03:10,1422046990
41.163066,-73.231693,5.601048,2015-01-23 21:03:11,1422046991
41.16295,-73.231972,5.266453,2015-01-23 21:03:12,1422046992
41.162773,-73.232151,4.956913,2015-01-23 21:03:13,1422046993
41.162593,-73.232349,1.337101,2015-01-23 21:03:14,1422046994
41.162432,-73.232563,1.091068,2015-01-23 21:03:15,1422046995
41.162266,-73.232774,-0.982265,2015-01-23 21:03:16,1422046996
41.162107,-73.232983,-1.780849,2015-01-23 21:03:17,1422046997
41.161915,-73.233084,-5.85693,2015-01-23 21:03:18,1422046998
41.161599,-73.233432,-5.965267,2015-01-23 21:03:20,1422047000
41.16128,-73.233975,-7.798061,2015-01-23 21:03:29,1422047009
41.161218,-73.234063,-7.755093,2015-01-23 21:03:30,1422047010
41.161115,-73.234201,-7.778988,2015-01-23 21:03:31,1422047011
41.161006,-73.234412,-8.599819,2015-01-23 21:03:32,1422047012
41.160905,-73.234559,-8.642117,2015-01-23 21:03:33,1422047013
41.160763,-73.234739,-8.246395,2015-01-23 21:03:34,1422047014
41.16072,-73.234795,-8.258785,2015-01-23 21:03:35,1422047015
41.160706,-73.234817,-8.199086,2015-01-23 21:03:41,1422047021
41.160697,-73.234831,-8.202897,2015-01-23 21:03:42,1422047022
41.160686,-73.234847,-8.217037,2015-01-23 21:03:43,1422047023
41.160676,-73.234863,-8.232672,2015-01-23 21:03:44,1422047024
41.160661,-73.234886,-8.27762,2015-01-23 21:03:45,1422047025
41.160646,-73.234908,-8.317934,2015-01-23 21:03:46,1422047026
41.160632,-73.234929,-8.35555,2015-01-23 21:03:47,1422047027
41.16062,-73.234949,-8.388582,2015-01-23 21:03:48,1422047028
41.160607,-73.234967,-8.405453,2015-01-23 21:03:49,1422047029
41.160596,-73.234985,-8.418325,2015-01-23 21:03:50,1422047030
41.160582,-73.235004,-8.40811,2015-01-23 21:04:00,1422047040
41.160569,-73.235023,-8.398548,2015-01-23 21:04:01,1422047041
41.160559,-73.235037,-8.382695,2015-01-23 21:04:02,1422047042
41.160549,-73.23505,-8.356604,2015-01-23 21:04:03,1422047043
41.16054,-73.235063,-8.3319,2015-01-23 21:04:04,1422047044
41.160532,-73.235075,-8.309422,2015-01-23 21:04:05,1422047045
41.160522,-73.235091,-8.258114,2015-01-23 21:04:07,1422047047
41.160513,-73.235104,-8.21445,2015-01-23 21:04:09,1422047049
41.160505,-73.235117,-8.183367,2015-01-23 21:04:11,1422047051
41.160509,-73.235537,-8.170313,2015-01-23 21:04:43,1422047083
41.157121,-73.239908,-8.218622,2015-01-23 21:04:59,1422047099
41.156083,-73.241239,-8.2623,2015-01-23 21:05:00,1422047100
41.155468,-73.242034,-8.302691,2015-01-23 21:05:01,1422047101
41.154945,-73.242687,-8.402366,2015-01-23 21:05:02,1422047102
41.154485,-73.243263,-8.491442,2015-01-23 21:05:03,1422047103
41.154273,-73.243542,-8.573334,2015-01-23 21:05:04,1422047104
41.154069,-73.243796,-8.658328,2015-01-23 21:05:05,1422047105
41.153858,-73.24403,-8.791229,2015-01-23 21:05:06,1422047106
41.15372,-73.244186,-8.890511,2015-01-23 21:05:07,1422047107
41.153567,-73.244376,-8.985989,2015-01-23 21:05:08,1422047108
41.153453,-73.244595,-9.030818,2015-01-23 21:05:09,1422047109
41.153316,-73.244811,-9.076447,2015-01-23 21:05:10,1422047110
41.153168,-73.245082,-9.1161,2015-01-23 21:05:11,1422047111
41.153143,-73.24515,-9.153654,2015-01-23 21:05:12,1422047112
41.153124,-73.245204,-9.19188,2015-01-23 21:05:13,1422047113
41.153108,-73.245247,-9.22869,2015-01-23 21:05:14,1422047114
41.153096,-73.245281,-9.247772,2015-01-23 21:05:15,1422047115
41.152992,-73.245409,-9.26719,2015-01-23 21:05:16,1422047116
41.152318,-73.245917,-9.373302,2015-01-23 21:05:17,1422047117
41.152023,-73.24613,-9.477081,2015-01-23 21:05:18,1422047118
41.151849,-73.246253,-9.572707,2015-01-23 21:05:19,1422047119
41.151763,-73.24634,-9.72683,2015-01-23 21:05:20,1422047120
41.151649,-73.246439,-9.877992,2015-01-23 21:05:21,1422047121
41.151471,-73.246622,-12.634853,2015-01-23 21:05:22,1422047122
41.151438,-73.246675,-12.873074,2015-01-23 21:05:23,1422047123
41.151414,-73.246685,-13.008155,2015-01-23 21:05:25,1422047125
41.151399,-73.246692,-13.056324,2015-01-23 21:05:26,1422047126
41.151387,-73.246698,-13.047464,2015-01-23 21:05:27,1422047127
41.151319,-73.246759,-13.062525,2015-01-23 21:05:28,1422047128
41.151278,-73.246796,-13.077912,2015-01-23 21:05:29,1422047129
41.151252,-73.24682,-13.090759,2015-01-23 21:05:30,1422047130
41.151222,-73.24685,-13.099673,2015-01-23 21:05:31,1422047131
41.151198,-73.246875,-13.107361,2015-01-23 21:05:32,1422047132
41.151092,-73.246975,-13.11732,2015-01-23 21:05:33,1422047133
41.150876,-73.247182,-13.134508,2015-01-23 21:05:34,1422047134
41.150556,-73.2475,-13.190045,2015-01-23 21:05:35,1422047135
41.150228,-73.24782,-13.245036,2015-01-23 21:05:36,1422047136
41.149961,-73.24807,-13.299799,2015-01-23 21:05:37,1422047137
41.144791,-73.253676,-13.299799,2015-01-23 21:06:07,1422047167
41.140412,-73.261068,-13.299799,2015-01-23 21:07:37,1422047257
41.142523,-73.263328,-13.299799,2015-01-23 21:07:59,1422047279
41.143531,-73.264408,-13.299799,2015-01-23 21:07:59,1422047279
41.142596,-73.271314,-13.299799,2015-01-23 21:08:10,1422047290
41.142125,-73.274748,-13.299799,2015-01-23 21:08:10,1422047290
41.141294,-73.279811,-13.299799,2015-01-23 21:08:39,1422047319
41.14088,-73.282336,-13.299799,2015-01-23 21:08:39,1422047319
41.140879,-73.282363,-13.299799,2015-01-23 21:09:03,1422047343
41.139209,-73.288744,-13.299799,2015-01-23 21:09:04,1422047344
41.135793,-73.292318,-13.299799,2015-01-23 21:09:22,1422047362
41.134089,-73.294101,-13.299799,2015-01-23 21:09:22,1422047362
41.131907,-73.299289,-13.299799,2015-01-23 21:09:46,1422047386
41.13082,-73.301874,-13.299799,2015-01-23 21:09:46,1422047386
41.126827,-73.312024,-13.299799,2015-01-23 21:10:36,1422047436
41.125113,-73.316427,-13.299799,2015-01-23 21:10:36,1422047436
41.124936,-73.324758,-13.299799,2015-01-23 21:11:36,1422047496
41.1255,-73.327246,-13.299799,2015-01-23 21:11:36,1422047496
41.125387,-73.328101,-13.299799,2015-01-23 21:11:56,1422047516
41.125268,-73.328935,-13.299799,2015-01-23 21:12:10,1422047530
41.122562,-73.359428,-13.299799,2015-01-23 21:14:12,1422047652
41.119149,-73.370321,-13.931553,2015-01-23 21:14:36,1422047676
41.119056,-73.370355,-24.716854,2015-01-23 21:14:37,1422047677
41.118939,-73.370342,-25.922207,2015-01-23 21:14:38,1422047678
41.118876,-73.370268,-33.83511,2015-01-23 21:14:39,1422047679
41.11886,-73.37071,-33.946316,2015-01-23 21:14:40,1422047680
41.118761,-73.370877,-19.360561,2015-01-23 21:14:41,1422047681
41.118703,-73.370964,-16.527462,2015-01-23 21:14:42,1422047682
41.118673,-73.371116,-16.566586,2015-01-23 21:14:43,1422047683
41.118592,-73.371273,-16.558895,2015-01-23 21:14:44,1422047684
41.118535,-73.37143,-19.090176,2015-01-23 21:14:45,1422047685
41.118499,-73.37157,-18.852444,2015-01-23 21:14:46,1422047686
41.11841,-73.371723,-17.800198,2015-01-23 21:14:47,1422047687
41.118344,-73.371874,-17.63406,2015-01-23 21:14:48,1422047688
41.118328,-73.371932,-17.955074,2015-01-23 21:14:49,1422047689
41.118439,-73.37221,-17.882412,2015-01-23 21:15:22,1422047722
41.119554,-73.374073,-17.882412,2015-01-23 21:16:38,1422047798
41.117837,-73.389916,-17.882412,2015-01-23 21:17:10,1422047830
41.105114,-73.400705,-17.882412,2015-01-23 21:17:28,1422047848
41.104945,-73.400848,-17.882412,2015-01-23 21:17:28,1422047848
41.104851,-73.401657,-17.882412,2015-01-23 21:18:27,1422047907
41.104841,-73.402364,-17.882412,2015-01-23 21:18:27,1422047907
41.102001,-73.408988,-18.220303,2015-01-23 21:18:28,1422047908
41.101967,-73.40889,-18.499163,2015-01-23 21:18:29,1422047909
41.102145,-73.40878,-1.87402,2015-01-23 21:18:30,1422047910
41.102062,-73.409021,-3.793484,2015-01-23 21:18:31,1422047911
41.102075,-73.409791,1.695805,2015-01-23 21:18:32,1422047912
41.102072,-73.410065,12.238682,2015-01-23 21:18:33,1422047913
41.101897,-73.410247,12.493443,2015-01-23 21:18:35,1422047915
41.101813,-73.4103,9.404484,2015-01-23 21:18:36,1422047916
41.101709,-73.410479,8.652775,2015-01-23 21:18:37,1422047917
41.10164,-73.410631,8.492466,2015-01-23 21:18:38,1422047918
41.101556,-73.410808,8.775181,2015-01-23 21:18:39,1422047919
41.101509,-73.410979,8.942173,2015-01-23 21:18:40,1422047920
41.101464,-73.411178,6.764439,2015-01-23 21:18:41,1422047921
41.101402,-73.411361,5.771641,2015-01-23 21:18:42,1422047922
41.10134,-73.411544,5.75861,2015-01-23 21:18:43,1422047923
41.101258,-73.411724,5.646336,2015-01-23 21:18:44,1422047924
41.101201,-73.41194,6.477146,2015-01-23 21:18:45,1422047925
41.101132,-73.412127,6.967625,2015-01-23 21:18:46,1422047926
41.100996,-73.412489,6.521854,2015-01-23 21:18:48,1422047928
41.100939,-73.412665,6.239872,2015-01-23 21:18:49,1422047929
41.100886,-73.412837,5.456882,2015-01-23 21:18:50,1422047930
41.100835,-73.413001,5.430271,2015-01-23 21:18:51,1422047931
41.100926,-73.413045,5.055302,2015-01-23 21:18:52,1422047932
41.100967,-73.413232,7.359226,2015-01-23 21:18:53,1422047933
41.100879,-73.413312,9.109745,2015-01-23 21:18:54,1422047934
41.100845,-73.413443,8.934879,2015-01-23 21:18:55,1422047935
41.100805,-73.413586,8.898106,2015-01-23 21:18:56,1422047936
41.100786,-73.413725,8.773472,2015-01-23 21:18:57,1422047937
41.100766,-73.413846,8.704288,2015-01-23 21:18:59,1422047939
41.100758,-73.41397,8.695744,2015-01-23 21:19:00,1422047940
41.100736,-73.414108,8.688572,2015-01-23 21:19:01,1422047941
41.100713,-73.414246,8.680637,2015-01-23 21:19:02,1422047942
41.100719,-73.414378,8.557652,2015-01-23 21:19:03,1422047943
41.100713,-73.414422,8.557635,2015-01-23 21:19:04,1422047944
41.100682,-73.414536,8.477506,2015-01-23 21:19:05,1422047945
41.100661,-73.414633,8.40204,2015-01-23 21:19:06,1422047946
41.100646,-73.414703,8.355886,2015-01-23 21:19:07,1422047947
41.100622,-73.414778,8.299457,2015-01-23 21:19:08,1422047948
41.100606,-73.414829,8.265801,2015-01-23 21:19:09,1422047949
41.100588,-73.414893,8.236939,2015-01-23 21:19:10,1422047950
41.100587,-73.414957,8.246758,2015-01-23 21:19:11,1422047951
41.100582,-73.415044,8.254709,2015-01-23 21:19:12,1422047952
41.100586,-73.415138,8.250358,2015-01-23 21:19:13,1422047953
41.100585,-73.41521,8.248405,2015-01-23 21:19:14,1422047954
41.100582,-73.415297,8.246175,2015-01-23 21:19:15,1422047955
41.100577,-73.415382,8.259525,2015-01-23 21:19:16,1422047956
41.100568,-73.415506,8.272939,2015-01-23 21:19:17,1422047957
41.100565,-73.415545,8.285998,2015-01-23 21:19:18,1422047958
41.10056,-73.415592,8.298591,2015-01-23 21:19:19,1422047959
41.100548,-73.415657,8.304893,2015-01-23 21:19:20,1422047960
41.100535,-73.41572,8.310013,2015-01-23 21:19:21,1422047961
41.100474,-73.415685,8.310013,2015-01-23 21:19:51,1422047991
41.100413,-73.415651,8.310013,2015-01-23 21:19:51,1422047991
41.10035,-73.415809,8.310013,2015-01-23 21:20:12,1422048012
41.100301,-73.415971,8.310013,2015-01-23 21:20:12,1422048012
41.093298,-73.425533,8.310013,2015-01-23 21:21:58,1422048118
41.085212,-73.431548,8.310013,2015-01-23 21:23:02,1422048182
41.082533,-73.433703,8.310013,2015-01-23 21:23:02,1422048182
41.080614,-73.436191,8.310013,2015-01-23 21:23:19,1422048199
41.079866,-73.437209,8.310013,2015-01-23 21:23:19,1422048199
41.07988,-73.437192,8.310013,2015-01-23 21:23:41,1422048221
41.077893,-73.444026,8.310013,2015-01-23 21:23:42,1422048222
41.077779,-73.456994,8.310013,2015-01-23 21:24:25,1422048265
41.078222,-73.461762,8.310013,2015-01-23 21:24:25,1422048265
41.077132,-73.465468,8.310013,2015-01-23 21:24:41,1422048281
41.07659,-73.467313,8.310013,2015-01-23 21:24:41,1422048281
41.076235,-73.477552,8.310013,2015-01-23 21:26:15,1422048375
41.076263,-73.481651,8.310013,2015-01-23 21:26:15,1422048375
41.072492,-73.484276,8.310013,2015-01-23 21:26:51,1422048411
41.070616,-73.484503,8.310013,2015-01-23 21:26:51,1422048411
41.070454,-73.484602,8.310013,2015-01-23 21:26:58,1422048418
41.070343,-73.484641,8.310013,2015-01-23 21:26:58,1422048418
41.070456,-73.490215,8.310013,2015-01-23 21:27:01,1422048421
41.070519,-73.492915,8.310013,2015-01-23 21:27:01,1422048421
41.070551,-73.494264,8.310013,2015-01-23 21:27:01,1422048421
41.070318,-73.498273,8.310013,2015-01-23 21:27:26,1422048446
41.070211,-73.500176,8.310013,2015-01-23 21:27:26,1422048446
41.070136,-73.501519,8.310013,2015-01-23 21:28:06,1422048486
41.070086,-73.508888,8.310013,2015-01-23 21:28:07,1422048487
41.06369,-73.517404,8.310013,2015-01-23 21:28:40,1422048520
41.060504,-73.519879,8.310013,2015-01-23 21:28:40,1422048520
41.053901,-73.524063,8.310013,2015-01-23 21:30:08,1422048608
41.051814,-73.525211,8.310013,2015-01-23 21:30:08,1422048608
41.04997,-73.526779,8.310013,2015-01-23 21:31:01,1422048661
41.049393,-73.527611,8.310013,2015-01-23 21:31:01,1422048661
41.049387,-73.527625,8.310013,2015-01-23 21:31:06,1422048666
41.048412,-73.53178,8.310013,2015-01-23 21:31:08,1422048668
41.048702,-73.535478,8.310013,2015-01-23 21:31:21,1422048681
41.048844,-73.537143,8.310013,2015-01-23 21:31:21,1422048681
41.049891,-73.538264,8.310013,2015-01-23 21:31:41,1422048701
41.050317,-73.538568,8.310013,2015-01-23 21:31:41,1422048701
41.047016,-73.543745,8.310013,2015-01-23 21:31:58,1422048718
41.045579,-73.545799,8.310013,2015-01-23 21:31:58,1422048718
41.046998,-73.542576,8.310013,2015-01-23 21:34:04,1422048844
41.047992,-73.540692,8.310013,2015-01-23 21:34:04,1422048844
41.04608,-73.544247,8.310013,2015-01-23 21:34:05,1422048845
41.045112,-73.546048,8.310013,2015-01-23 21:34:05,1422048845
41.042763,-73.551871,7.716356,2015-01-23 21:34:18,1422048858
41.042578,-73.552399,7.113245,2015-01-23 21:34:19,1422048859
41.042486,-73.5525,23.431978,2015-01-23 21:34:20,1422048860
41.042391,-73.552587,23.621204,2015-01-23 21:34:21,1422048861
41.042315,-73.552715,23.615746,2015-01-23 21:34:22,1422048862
41.042273,-73.552771,23.619968,2015-01-23 21:34:23,1422048863
41.042227,-73.552833,23.607613,2015-01-23 21:34:24,1422048864
41.042171,-73.552898,23.617447,2015-01-23 21:34:25,1422048865
41.042107,-73.552972,23.61154,2015-01-23 21:34:26,1422048866
41.042041,-73.553024,23.492601,2015-01-23 21:34:27,1422048867
41.041969,-73.553081,23.353331,2015-01-23 21:34:28,1422048868
41.041788,-73.552887,23.317493,2015-01-23 21:34:29,1422048869
41.041627,-73.552742,23.191912,2015-01-23 21:34:30,1422048870
41.041466,-73.552626,23.29867,2015-01-23 21:34:31,1422048871
41.04128,-73.552485,23.498455,2015-01-23 21:34:32,1422048872
41.041046,-73.552385,23.52837,2015-01-23 21:34:34,1422048874
41.040871,-73.552306,23.618471,2015-01-23 21:34:35,1422048875
41.040728,-73.55228,23.57724,2015-01-23 21:34:36,1422048876
41.040597,-73.552281,23.626034,2015-01-23 21:34:37,1422048877
41.04048,-73.5523,23.699677,2015-01-23 21:34:38,1422048878
41.040371,-73.55233,23.737122,2015-01-23 21:34:39,1422048879
41.04027,-73.552371,23.7038,2015-01-23 21:34:40,1422048880
41.04018,-73.552447,23.675966,2015-01-23 21:34:41,1422048881
41.040082,-73.55256,23.715143,2015-01-23 21:34:42,1422048882
41.039953,-73.552608,23.748316,2015-01-23 21:34:43,1422048883
41.039811,-73.552658,23.637037,2015-01-23 21:34:44,1422048884
41.039596,-73.552818,23.295582,2015-01-23 21:34:45,1422048885
41.039407,-73.552915,23.447729,2015-01-23 21:34:46,1422048886
41.039267,-73.552966,23.209505,2015-01-23 21:34:47,1422048887
41.039144,-73.553041,22.62697,2015-01-23 21:34:48,1422048888
41.039039,-73.55312,22.428356,2015-01-23 21:34:49,1422048889
41.03893,-73.553173,22.469603,2015-01-23 21:34:50,1422048890
41.038791,-73.553178,21.847914,2015-01-23 21:34:51,1422048891
41.038689,-73.553284,19.843172,2015-01-23 21:34:52,1422048892
41.038592,-73.553433,20.608154,2015-01-23 21:34:53,1422048893
41.038493,-73.553619,21.31926,2015-01-23 21:34:54,1422048894
41.038366,-73.553656,21.425411,2015-01-23 21:34:55,1422048895
41.038253,-73.553703,20.579245,2015-01-23 21:34:56,1422048896
41.038163,-73.553775,20.05513,2015-01-23 21:34:57,1422048897
41.038049,-73.553812,19.944044,2015-01-23 21:34:58,1422048898
41.037939,-73.55387,19.416088,2015-01-23 21:34:59,1422048899
41.03784,-73.55396,18.564898,2015-01-23 21:35:00,1422048900
41.037743,-73.554028,18.013975,2015-01-23 21:35:01,1422048901
41.037642,-73.554143,17.942183,2015-01-23 21:35:02,1422048902
41.037611,-73.55415,17.799299,2015-01-23 21:35:03,1422048903
41.037551,-73.554196,17.861689,2015-01-23 21:35:04,1422048904
41.037463,-73.554342,17.905968,2015-01-23 21:35:05,1422048905
41.037378,-73.554469,17.942337,2015-01-23 21:35:06,1422048906
41.037279,-73.554565,17.882399,2015-01-23 21:35:07,1422048907
41.037219,-73.554725,17.61549,2015-01-23 21:35:08,1422048908
41.037195,-73.554791,17.248894,2015-01-23 21:35:09,1422048909
41.037152,-73.554855,17.063559,2015-01-23 21:35:10,1422048910
41.037094,-73.555016,16.922628,2015-01-23 21:35:11,1422048911
41.037003,-73.555131,16.833067,2015-01-23 21:35:12,1422048912
41.036927,-73.555223,16.506195,2015-01-23 21:35:13,1422048913
41.036827,-73.55529,16.398567,2015-01-23 21:35:14,1422048914
41.036727,-73.555372,16.424885,2015-01-23 21:35:15,1422048915
41.036653,-73.555493,16.269707,2015-01-23 21:35:16,1422048916
41.036584,-73.555615,15.741577,2015-01-23 21:35:17,1422048917
41.03651,-73.555731,15.729248,2015-01-23 21:35:18,1422048918
41.036438,-73.555845,15.613922,2015-01-23 21:35:19,1422048919
41.036365,-73.555969,15.613921,2015-01-23 21:35:20,1422048920
41.036287,-73.55612,14.823395,2015-01-23 21:35:21,1422048921
41.036214,-73.556249,14.832672,2015-01-23 21:35:22,1422048922
41.036142,-73.556368,14.832672,2015-01-23 21:35:23,1422048923
41.036071,-73.556492,14.628232,2015-01-23 21:35:24,1422048924
41.036002,-73.556621,14.283461,2015-01-23 21:35:25,1422048925
41.036506,-73.556656,14.283461,2015-01-23 21:35:55,1422048955
41.03703,-73.556595,14.283461,2015-01-23 21:35:55,1422048955
41.037135,-73.556583,14.283461,2015-01-23 21:35:58,1422048958
41.03727,-73.556667,14.283461,2015-01-23 21:36:11,1422048971
41.039824,-73.591713,14.283461,2015-01-23 21:37:09,1422049029
41.030466,-73.595569,14.455742,2015-01-23 21:38:18,1422049098
41.030442,-73.595767,5.019755,2015-01-23 21:38:19,1422049099
41.030422,-73.595918,6.135143,2015-01-23 21:38:20,1422049100
41.03039,-73.596196,6.739858,2015-01-23 21:38:21,1422049101
41.030172,-73.596277,7.423431,2015-01-23 21:38:22,1422049102
41.030149,-73.596418,7.916473,2015-01-23 21:38:23,1422049103
41.029938,-73.596524,8.153015,2015-01-23 21:38:24,1422049104
41.029952,-73.596821,8.480438,2015-01-23 21:38:25,1422049105
41.029919,-73.597103,10.278076,2015-01-23 21:38:26,1422049106
41.030052,-73.597522,11.10965,2015-01-23 21:38:27,1422049107
41.030213,-73.59787,9.516754,2015-01-23 21:38:28,1422049108
41.030173,-73.598069,8.228607,2015-01-23 21:38:29,1422049109
41.030137,-73.59828,8.222198,2015-01-23 21:38:30,1422049110
41.030123,-73.598364,8.407013,2015-01-23 21:38:31,1422049111
41.030101,-73.598492,8.352081,2015-01-23 21:38:33,1422049113
41.029932,-73.600323,8.352081,2015-01-23 21:39:05,1422049145
41.021597,-73.620518,8.352081,2015-01-23 21:40:05,1422049205
41.023659,-73.623281,8.352081,2015-01-23 21:40:15,1422049215
41.024726,-73.624553,8.352081,2015-01-23 21:40:15,1422049215
41.021075,-73.627908,8.352081,2015-01-23 21:40:24,1422049224
41.019254,-73.629581,8.352081,2015-01-23 21:40:24,1422049224
41.015114,-73.631094,8.352081,2015-01-23 21:41:21,1422049281
41.012294,-73.631531,8.352081,2015-01-23 21:41:21,1422049281
41.012437,-73.63206,8.352081,2015-01-23 21:41:31,1422049291
41.012575,-73.632568,8.352081,2015-01-23 21:41:32,1422049292
41.010693,-73.641905,8.352081,2015-01-23 21:42:03,1422049323
41.006851,-73.647977,8.352081,2015-01-23 21:42:15,1422049335
41.004931,-73.651012,8.352081,2015-01-23 21:42:15,1422049335
41.001258,-73.657088,8.352081,2015-01-23 21:42:51,1422049371
40.999926,-73.659325,8.352081,2015-01-23 21:42:51,1422049371
41.001095,-73.660771,8.352081,2015-01-23 21:43:03,1422049383
41.00168,-73.661492,8.352081,2015-01-23 21:43:03,1422049383
41.001692,-73.661495,8.352081,2015-01-23 21:43:07,1422049387
41.002982,-73.661495,8.352081,2015-01-23 21:43:09,1422049389
41.002997,-73.657757,8.352081,2015-01-23 21:43:36,1422049416
41.003004,-73.655902,8.352081,2015-01-23 21:43:36,1422049416
41.000799,-73.658733,8.352081,2015-01-23 21:43:46,1422049426
40.999697,-73.660148,8.352081,2015-01-23 21:43:46,1422049426
40.997667,-73.662859,8.352081,2015-01-23 21:43:58,1422049438
40.996161,-73.664871,8.352081,2015-01-23 21:43:58,1422049438
40.9907,-73.676499,8.352081,2015-01-23 21:45:00,1422049500
40.990007,-73.678152,8.352081,2015-01-23 21:45:00,1422049500
40.989727,-73.678621,8.352081,2015-01-23 21:45:19,1422049519
40.989564,-73.678817,8.352081,2015-01-23 21:45:19,1422049519
40.98021,-73.694002,8.352081,2015-01-23 21:46:15,1422049575
40.98009,-73.694197,8.352081,2015-01-23 21:46:15,1422049575
40.979894,-73.694543,8.352081,2015-01-23 21:46:47,1422049607
40.979764,-73.694781,8.352081,2015-01-23 21:46:47,1422049607
40.979638,-73.695011,8.352081,2015-01-23 21:46:48,1422049608
40.968155,-73.706487,8.352081,2015-01-23 21:47:25,1422049645
40.968115,-73.713743,8.352081,2015-01-23 21:47:58,1422049678
40.968098,-73.717358,8.352081,2015-01-23 21:47:58,1422049678
40.965186,-73.724107,8.362757,2015-01-23 21:48:25,1422049705
40.964997,-73.724497,8.373551,2015-01-23 21:48:26,1422049706
40.964811,-73.724855,22.75843,2015-01-23 21:48:27,1422049707
40.964606,-73.7259,22.75843,2015-01-23 21:48:35,1422049715
40.961533,-73.730552,22.75843,2015-01-23 21:49:02,1422049742
40.957573,-73.734214,22.75843,2015-01-23 21:49:20,1422049760
40.955653,-73.735705,22.75843,2015-01-23 21:49:20,1422049760
40.955077,-73.736826,22.75843,2015-01-23 21:49:29,1422049769
40.955067,-73.737271,22.75843,2015-01-23 21:49:29,1422049769
40.955027,-73.737928,22.75843,2015-01-23 21:49:29,1422049769
40.954199,-73.739879,22.75843,2015-01-23 21:49:32,1422049772
40.953808,-73.740892,22.75843,2015-01-23 21:49:32,1422049772
40.949959,-73.744166,22.75843,2015-01-23 21:49:35,1422049775
40.947864,-73.745916,22.75843,2015-01-23 21:49:35,1422049775
40.944435,-73.749932,22.75843,2015-01-23 21:50:25,1422049825
40.943166,-73.751714,22.75843,2015-01-23 21:50:25,1422049825
40.941939,-73.753451,22.75843,2015-01-23 21:50:27,1422049827
40.937621,-73.758919,22.75843,2015-01-23 21:51:05,1422049865
40.935784,-73.7612,22.75843,2015-01-23 21:51:05,1422049865
40.932033,-73.760872,22.75843,2015-01-23 21:51:26,1422049886
40.930554,-73.760669,22.75843,2015-01-23 21:51:26,1422049886
40.9284,-73.76546,22.75843,2015-01-23 21:51:47,1422049907
40.927343,-73.767847,22.75843,2015-01-23 21:51:47,1422049907
40.923437,-73.773768,22.75843,2015-01-23 21:52:46,1422049966
40.92226,-73.775393,22.75843,2015-01-23 21:52:46,1422049966
40.919564,-73.776006,22.75843,2015-01-23 21:53:19,1422049999
40.918529,-73.775879,22.75843,2015-01-23 21:53:19,1422049999
40.917528,-73.779021,22.75843,2015-01-23 21:53:32,1422050012
40.917028,-73.78059,22.75843,2015-01-23 21:53:32,1422050012
40.914982,-73.78342,22.75843,2015-01-23 21:54:13,1422050053
40.914087,-73.784433,22.75843,2015-01-23 21:54:13,1422050053
40.912629,-73.784821,22.75843,2015-01-23 21:54:19,1422050059
40.911658,-73.78508,22.75843,2015-01-23 21:54:19,1422050059
40.910684,-73.785344,22.75843,2015-01-23 21:54:20,1422050060
40.916008,-73.783293,21.956661,2015-01-23 21:54:21,1422050061
40.914901,-73.783314,22.326384,2015-01-23 21:54:22,1422050062
40.914752,-73.783316,22.457731,2015-01-23 21:54:24,1422050064
40.914587,-73.783346,22.635038,2015-01-23 21:54:26,1422050066
40.914326,-73.783406,22.512053,2015-01-23 21:54:27,1422050067
40.914253,-73.783421,22.512053,2015-01-23 21:54:28,1422050068
40.914299,-73.783399,22.654081,2015-01-23 21:54:29,1422050069
40.91433,-73.783392,22.702168,2015-01-23 21:54:31,1422050071
40.914393,-73.783377,22.724255,2015-01-23 21:54:32,1422050072
40.914452,-73.783363,22.736748,2015-01-23 21:54:33,1422050073
40.914478,-73.783357,22.755592,2015-01-23 21:54:34,1422050074
40.914503,-73.783351,22.558254,2015-01-23 21:54:37,1422050077
40.914523,-73.783345,22.761787,2015-01-23 21:54:38,1422050078
40.914533,-73.783343,22.882549,2015-01-23 21:54:40,1422050080
40.914545,-73.78334,22.98418,2015-01-23 21:54:42,1422050082
40.914476,-73.783373,23.020443,2015-01-23 21:55:13,1422050113
40.914402,-73.783408,23.020443,2015-01-23 21:55:13,1422050113
40.914085,-73.783682,23.020443,2015-01-23 21:55:23,1422050123
40.913777,-73.783949,23.020443,2015-01-23 21:55:23,1422050123
40.900543,-73.79666,23.020443,2015-01-23 21:56:24,1422050184
40.904331,-73.809206,23.020443,2015-01-23 21:56:51,1422050211
40.906146,-73.815214,23.020443,2015-01-23 21:56:51,1422050211
40.909758,-73.814146,23.020443,2015-01-23 21:57:06,1422050226
40.911554,-73.813615,23.020443,2015-01-23 21:57:06,1422050226
40.913008,-73.81312,19.320248,2015-01-23 21:57:30,1422050250
40.913038,-73.812917,15.808184,2015-01-23 21:57:31,1422050251
40.913053,-73.812815,12.440727,2015-01-23 21:57:32,1422050252
40.913061,-73.812764,9.208775,2015-01-23 21:57:33,1422050253
40.913054,-73.812775,6.098733,2015-01-23 21:57:34,1422050254
40.913023,-73.812865,0.381095,2015-01-23 21:57:36,1422050256
40.913023,-73.812973,-2.302938,2015-01-23 21:57:37,1422050257
40.913001,-73.813253,-4.781538,2015-01-23 21:57:38,1422050258
40.913077,-73.813717,-7.214637,2015-01-23 21:57:39,1422050259
40.91315,-73.81408,-9.621143,2015-01-23 21:57:40,1422050260
40.913234,-73.814483,-11.98981,2015-01-23 21:57:41,1422050261
40.91331,-73.814868,-14.297873,2015-01-23 21:57:42,1422050262
40.913378,-73.815202,-16.569263,2015-01-23 21:57:43,1422050263
40.913437,-73.815479,-18.798187,2015-01-23 21:57:44,1422050264
40.91335,-73.815571,-18.798187,2015-01-23 21:57:52,1422050272
40.913314,-73.815559,-18.798187,2015-01-23 21:58:08,1422050288
40.913279,-73.815546,-18.798187,2015-01-23 21:58:08,1422050288
40.912075,-73.816805,-18.798187,2015-01-23 21:58:24,1422050304
40.911466,-73.818089,-18.798187,2015-01-23 21:58:28,1422050308
40.911045,-73.819098,-18.798187,2015-01-23 21:58:28,1422050308
40.911549,-73.820107,-18.798187,2015-01-23 21:58:56,1422050336
40.912054,-73.820999,-18.798187,2015-01-23 21:58:56,1422050336
40.912931,-73.822553,-18.798187,2015-01-23 21:58:57,1422050337
40.912478,-73.824597,-18.798187,2015-01-23 21:59:17,1422050357
40.912084,-73.826375,-18.798187,2015-01-23 21:59:17,1422050357
40.911803,-73.827689,-18.798187,2015-01-23 21:59:35,1422050375
40.911547,-73.828887,-18.798187,2015-01-23 21:59:35,1422050375
40.911106,-73.830957,-18.798187,2015-01-23 21:59:37,1422050377
40.910922,-73.832787,-18.798187,2015-01-23 21:59:59,1422050399
40.910757,-73.834442,-18.798187,2015-01-23 21:59:59,1422050399
40.910479,-73.837208,-18.798187,2015-01-23 22:00:00,1422050400
40.90617,-73.855816,-18.798187,2015-01-23 22:00:39,1422050439
40.906413,-73.857991,-18.798187,2015-01-23 22:00:44,1422050444
40.906554,-73.858966,-18.798187,2015-01-23 22:00:44,1422050444
40.903328,-73.860033,-18.798187,2015-01-23 22:01:26,1422050486
40.901153,-73.860236,-18.798187,2015-01-23 22:01:26,1422050486
40.898974,-73.860442,-18.798187,2015-01-23 22:01:29,1422050489
40.896874,-73.861047,-18.798187,2015-01-23 22:01:45,1422050505
40.89588,-73.861334,-18.798187,2015-01-23 22:01:45,1422050505
40.895221,-73.862349,-18.798187,2015-01-23 22:02:00,1422050520
40.894973,-73.86279,-18.798187,2015-01-23 22:02:00,1422050520
40.891181,-73.86484,-18.798187,2015-01-23 22:02:42,1422050562
40.888739,-73.866057,-18.798187,2015-01-23 22:02:42,1422050562
40.886299,-73.86728,-18.798187,2015-01-23 22:02:44,1422050564
40.883099,-73.868323,-18.798187,2015-01-23 22:03:16,1422050596
40.881921,-73.868539,-18.798187,2015-01-23 22:03:16,1422050596
40.880748,-73.868753,-18.798187,2015-01-23 22:03:20,1422050600
40.877931,-73.869508,-18.798187,2015-01-23 22:03:27,1422050607
40.876054,-73.870011,-18.798187,2015-01-23 22:03:27,1422050607
40.874173,-73.870511,-18.798187,2015-01-23 22:03:28,1422050608
40.872956,-73.870572,-18.798187,2015-01-23 22:03:44,1422050624
40.872172,-73.870611,-18.798187,2015-01-23 22:03:44,1422050624
40.871417,-73.870655,-18.798187,2015-01-23 22:03:45,1422050625
40.871196,-73.874591,-18.798187,2015-01-23 22:04:12,1422050652
40.871136,-73.876922,-18.798187,2015-01-23 22:04:12,1422050652
40.871088,-73.878892,-18.798187,2015-01-23 22:04:16,1422050656
40.868327,-73.8811,-18.798187,2015-01-23 22:04:23,1422050663
40.866486,-73.882572,-18.798187,2015-01-23 22:04:23,1422050663
40.864639,-73.88404,-18.798187,2015-01-23 22:04:24,1422050664
40.864067,-73.885144,-18.798187,2015-01-23 22:04:29,1422050669
40.863688,-73.885878,-18.798187,2015-01-23 22:04:29,1422050669
40.863311,-73.88661,-18.798187,2015-01-23 22:04:30,1422050670
40.863131,-73.887002,-18.798187,2015-01-23 22:04:45,1422050685
40.863012,-73.887262,-18.798187,2015-01-23 22:04:45,1422050685
40.862892,-73.887525,-18.798187,2015-01-23 22:04:46,1422050686
40.862912,-73.887435,-18.798187,2015-01-23 22:04:59,1422050699
40.862923,-73.887388,-18.798187,2015-01-23 22:04:59,1422050699
40.86126,-73.889851,-18.798187,2015-01-23 22:05:04,1422050704
40.860158,-73.891484,-18.798187,2015-01-23 22:05:04,1422050704
40.859063,-73.893114,-18.798187,2015-01-23 22:05:06,1422050706
40.857183,-73.894586,-18.798187,2015-01-23 22:05:30,1422050730
40.855939,-73.895562,-18.798187,2015-01-23 22:05:30,1422050730
40.854707,-73.896535,-18.798187,2015-01-23 22:05:31,1422050731
40.850118,-73.898755,-18.798187,2015-01-23 22:06:02,1422050762
40.847553,-73.899844,-18.798187,2015-01-23 22:06:02,1422050762
40.844972,-73.900947,-18.798187,2015-01-23 22:06:04,1422050764
40.840817,-73.902848,-18.798187,2015-01-23 22:06:47,1422050807
40.83905,-73.903687,-18.798187,2015-01-23 22:06:47,1422050807
40.837339,-73.904509,-18.798187,2015-01-23 22:06:47,1422050807
40.836775,-73.904681,-18.798187,2015-01-23 22:06:50,1422050810
40.836428,-73.904782,-18.798187,2015-01-23 22:06:50,1422050810
40.836083,-73.904883,-18.798187,2015-01-23 22:06:50,1422050810
40.833741,-73.907707,-18.798187,2015-01-23 22:06:53,1422050813
40.832215,-73.909571,-18.798187,2015-01-23 22:06:53,1422050813
40.830682,-73.911441,-18.798187,2015-01-23 22:06:54,1422050814
40.831311,-73.910504,-18.798187,2015-01-23 22:06:59,1422050819
40.83174,-73.909874,-18.798187,2015-01-23 22:06:59,1422050819
40.830456,-73.911584,-18.798187,2015-01-23 22:07:01,1422050821
40.829814,-73.912438,-18.798187,2015-01-23 22:07:01,1422050821
40.829494,-73.912865,-18.798187,2015-01-23 22:07:01,1422050821
40.829879,-73.912681,-18.798187,2015-01-23 22:07:15,1422050835
40.83007,-73.91259,-18.798187,2015-01-23 22:07:15,1422050835
40.829051,-73.913852,-18.798187,2015-01-23 22:07:52,1422050872
40.828308,-73.914723,-18.798187,2015-01-23 22:07:52,1422050872
40.827572,-73.9156,-18.798187,2015-01-23 22:07:53,1422050873
40.828372,-73.914447,-18.798187,2015-01-23 22:07:55,1422050875
40.828772,-73.913869,-18.798187,2015-01-23 22:07:55,1422050875
40.825269,-73.918708,-18.798187,2015-01-23 22:08:05,1422050885
40.825759,-73.918905,-18.798187,2015-01-23 22:08:07,1422050887
40.826085,-73.919035,-18.798187,2015-01-23 22:08:07,1422050887
40.826303,-73.91945,-18.798187,2015-01-23 22:08:16,1422050896
40.826448,-73.919725,-18.798187,2015-01-23 22:08:19,1422050899
40.826545,-73.919909,-18.798187,2015-01-23 22:08:19,1422050899
40.826643,-73.920087,-18.798187,2015-01-23 22:08:19,1422050899
40.82528,-73.920586,-18.798187,2015-01-23 22:08:32,1422050912
40.824371,-73.920919,-18.798187,2015-01-23 22:08:32,1422050912
40.823462,-73.921259,-18.798187,2015-01-23 22:08:35,1422050915
40.822802,-73.921694,-18.798187,2015-01-23 22:08:43,1422050923
40.822363,-73.921984,-18.798187,2015-01-23 22:08:43,1422050923
40.822071,-73.922177,-18.798187,2015-01-23 22:08:43,1422050923
40.821773,-73.922376,-18.798187,2015-01-23 22:08:45,1422050925
40.820034,-73.925372,-18.798187,2015-01-23 22:08:55,1422050935
40.819166,-73.926867,-18.798187,2015-01-23 22:08:55,1422050935
40.819258,-73.924731,-18.798187,2015-01-23 22:09:03,1422050943
40.819319,-73.923306,-18.798187,2015-01-23 22:09:03,1422050943
40.81938,-73.921875,-18.798187,2015-01-23 22:09:05,1422050945
40.819412,-73.921157,-18.798187,2015-01-23 22:09:41,1422050981
40.819426,-73.920801,-18.798187,2015-01-23 22:09:41,1422050981
40.817678,-73.924296,-18.798187,2015-01-23 22:11:56,1422051116
40.816539,-73.926574,-18.798187,2015-01-23 22:11:56,1422051116
40.81543,-73.928775,-18.798187,2015-01-23 22:11:58,1422051118
40.812379,-73.930549,-18.798187,2015-01-23 22:12:37,1422051157
40.811132,-73.93091,-18.798187,2015-01-23 22:12:37,1422051157
40.809937,-73.931565,-18.798187,2015-01-23 22:13:23,1422051203
40.809586,-73.93187,-18.798187,2015-01-23 22:13:23,1422051203
40.809241,-73.932172,-18.798187,2015-01-23 22:13:24,1422051204
40.811819,-73.931502,-18.798187,2015-01-23 22:13:30,1422051210
40.813106,-73.931167,-18.798187,2015-01-23 22:13:30,1422051210
40.81088,-73.931685,-18.798187,2015-01-23 22:13:51,1422051231
40.809778,-73.931941,-18.798187,2015-01-23 22:13:51,1422051231
40.809419,-73.934749,-18.798187,2015-01-23 22:14:03,1422051243
40.809179,-73.936619,-18.798187,2015-01-23 22:14:03,1422051243
40.808946,-73.938493,-18.798187,2015-01-23 22:14:03,1422051243
40.808284,-73.939052,-18.798187,2015-01-23 22:14:06,1422051246
40.807843,-73.939425,-18.798187,2015-01-23 22:14:06,1422051246
40.807395,-73.939801,-18.798187,2015-01-23 22:14:07,1422051247
40.808069,-73.940088,-18.798187,2015-01-23 22:14:29,1422051269
40.808391,-73.940225,-18.798187,2015-01-23 22:14:29,1422051269
40.808016,-73.939952,-18.798187,2015-01-23 22:14:33,1422051273
40.807766,-73.939771,-18.798187,2015-01-23 22:14:33,1422051273
40.807515,-73.939587,-18.798187,2015-01-23 22:14:35,1422051275
40.804313,-73.940554,-18.798187,2015-01-23 22:15:13,1422051313
40.802786,-73.941081,-18.798187,2015-01-23 22:15:13,1422051313
40.800987,-73.941643,-18.798187,2015-01-23 22:16:33,1422051393
40.800557,-73.941752,-18.798187,2015-01-23 22:16:33,1422051393
40.800128,-73.941869,-18.798187,2015-01-23 22:16:36,1422051396
40.799984,-73.942496,-18.798187,2015-01-23 22:16:50,1422051410
40.799888,-73.942913,-18.798187,2015-01-23 22:16:50,1422051410
40.799793,-73.943324,-18.798187,2015-01-23 22:16:51,1422051411
40.799743,-73.943543,-18.798187,2015-01-23 22:17:27,1422051447
40.796711,-73.945491,-18.798187,2015-01-23 22:17:47,1422051467
40.794695,-73.946786,-18.798187,2015-01-23 22:17:47,1422051467
40.792681,-73.948072,-18.798187,2015-01-23 22:17:48,1422051468
40.79212,-73.948388,-18.798187,2015-01-23 22:17:57,1422051477
40.791747,-73.948599,-18.798187,2015-01-23 22:17:57,1422051477
40.791372,-73.948817,-18.798187,2015-01-23 22:17:58,1422051478
40.791094,-73.949005,-18.798187,2015-01-23 22:18:24,1422051504
40.790913,-73.949127,-18.798187,2015-01-23 22:18:24,1422051504
40.790734,-73.949239,-18.798187,2015-01-23 22:18:24,1422051504
40.790894,-73.950753,-18.798187,2015-01-23 22:18:35,1422051515
40.791001,-73.951762,-18.798187,2015-01-23 22:18:35,1422051515
40.791107,-73.952764,-18.798187,2015-01-23 22:18:36,1422051516
40.791005,-73.953661,-18.798187,2015-01-23 22:19:08,1422051548
40.790902,-73.953925,-18.798187,2015-01-23 22:19:08,1422051548
40.793823,-73.950114,-18.798187,2015-01-23 22:19:13,1422051553
40.795771,-73.947573,-18.798187,2015-01-23 22:19:13,1422051553
40.797069,-73.945879,-18.798187,2015-01-23 22:19:14,1422051554
40.797935,-73.944749,-18.798187,2015-01-23 22:19:14,1422051554
40.798512,-73.943996,-18.798187,2015-01-23 22:19:14,1422051554
40.798897,-73.943494,-18.798187,2015-01-23 22:19:14,1422051554
40.799154,-73.943159,-18.798187,2015-01-23 22:19:14,1422051554
40.793171,-73.94834,-18.798187,2015-01-23 22:20:12,1422051612
40.789227,-73.951755,-18.798187,2015-01-23 22:20:12,1422051612
40.779913,-73.957619,-18.798187,2015-01-23 22:22:49,1422051769
40.773996,-73.961343,-18.798187,2015-01-23 22:22:49,1422051769
40.770093,-73.963776,-18.798187,2015-01-23 22:23:09,1422051789
40.767663,-73.965291,-18.798187,2015-01-23 22:23:09,1422051789
40.763703,-73.970671,-18.798187,2015-01-23 22:24:14,1422051854
40.762625,-73.973359,-18.798187,2015-01-23 22:24:48,1422051888
40.75968,-73.974542,-18.798187,2015-01-23 22:25:40,1422051940
40.757986,-73.974987,-18.798187,2015-01-23 22:25:40,1422051940
40.75638,-73.975411,-18.798187,2015-01-23 22:25:47,1422051947
40.755719,-73.975586,-18.798187,2015-01-23 22:25:56,1422051956
40.755529,-73.975651,-18.798187,2015-01-23 22:26:06,1422051966
40.754914,-73.976146,-18.798187,2015-01-23 22:26:39,1422051999
40.754689,-73.976355,-18.798187,2015-01-23 22:27:49,1422052069
40.754667,-73.976337,-18.798187,2015-01-23 22:27:49,1422052069
40.754633,-73.9763,-18.798187,2015-01-23 22:29:13,1422052153
40.75455,-73.976469,-18.798187,2015-01-23 22:29:42,1422052182
40.754504,-73.976567,-18.798187,2015-01-23 22:29:42,1422052182
40.754543,-73.976784,-18.798187,2015-01-23 22:30:19,1422052219
40.754583,-73.976849,-18.798187,2015-01-23 22:30:19,1422052219
40.754615,-73.976906,-18.798187,2015-01-23 22:30:35,1422052235
40.754623,-73.976917,-18.798187,2015-01-23 22:30:36,1422052236
40.754627,-73.976947,-18.798187,2015-01-23 22:31:23,1422052283
40.754625,-73.97696,-18.798187,2015-01-23 22:31:40,1422052300
40.754629,-73.976973,-18.798187,2015-01-23 22:31:42,1422052302
40.754627,-73.976749,-18.798187,2015-01-23 22:31:46,1422052306
40.754626,-73.976599,-18.798187,2015-01-23 22:31:46,1422052306
40.754629,-73.976446,-18.798187,2015-01-23 22:31:47,1422052307
40.754628,-73.976324,-18.798187,2015-01-23 22:32:36,1422052356
40.754629,-73.976304,-18.798187,2015-01-23 22:32:37,1422052357
40.753155,-73.974326,-18.798187,2015-01-23 22:33:28,1422052408
40.751962,-73.972741,-18.798187,2015-01-23 22:33:28,1422052408
40.750745,-73.971125,-18.798187,2015-01-23 22:33:29,1422052409
40.747127,-73.973358,-18.798187,2015-01-23 22:37:33,1422052653
40.747236,-73.977242,-18.798187,2015-01-23 22:37:33,1422052653
40.747294,-73.979305,-18.798187,2015-01-23 22:37:33,1422052653
40.747331,-73.980645,-18.798187,2015-01-23 22:37:34,1422052654
40.746082,-73.984054,-18.798187,2015-01-23 22:37:40,1422052660
40.745851,-73.984665,-18.798187,2015-01-23 22:37:40,1422052660
40.745733,-73.985042,-18.798187,2015-01-23 22:37:48,1422052668
40.745677,-73.985159,-18.798187,2015-01-23 22:37:48,1422052668
40.745481,-73.985233,-18.798187,2015-01-23 22:37:52,1422052672
40.745314,-73.985256,-18.798187,2015-01-23 22:37:52,1422052672
40.74508,-73.985304,-18.798187,2015-01-23 22:37:53,1422052673
40.7449,-73.985329,-18.798187,2015-01-23 22:37:53,1422052673
40.744759,-73.985377,-18.798187,2015-01-23 22:37:56,1422052676
40.742211,-73.984313,-18.798187,2015-01-23 22:38:17,1422052697
40.740242,-73.983349,-18.798187,2015-01-23 22:38:18,1422052698
40.738716,-73.9826,-18.798187,2015-01-23 22:38:18,1422052698
40.737531,-73.982018,-18.798187,2015-01-23 22:38:18,1422052698
40.736113,-73.981321,-18.798187,2015-01-23 22:38:18,1422052698
40.736078,-73.983871,-18.798187,2015-01-23 22:38:49,1422052729
40.736449,-73.984836,-18.798187,2015-01-23 22:38:49,1422052729
40.736472,-73.98538,-18.798187,2015-01-23 22:39:05,1422052745
40.736545,-73.985648,-18.798187,2015-01-23 22:39:05,1422052745
40.736582,-73.98571,-18.798187,2015-01-23 22:39:47,1422052787
40.729235,-73.976021,-18.798187,2015-01-23 22:51:47,1422053507
40.720363,-73.96432,-18.798187,2015-01-23 22:51:47,1422053507
40.718186,-73.961449,-18.798187,2015-01-23 22:52:06,1422053526
40.717169,-73.960108,-18.798187,2015-01-23 22:52:07,1422053527
40.716616,-73.959379,-18.798187,2015-01-23 22:52:16,1422053536
40.718207,-73.957326,18.072386,2015-01-23 22:52:16,1422053536
40.717831,-73.957354,7.672058,2015-01-23 22:52:17,1422053537
40.717839,-73.957428,6.805237,2015-01-23 22:52:18,1422053538
40.717819,-73.957525,6.650116,2015-01-23 22:52:19,1422053539
40.717815,-73.957574,6.706726,2015-01-23 22:52:20,1422053540
40.717842,-73.957562,6.333038,2015-01-23 22:52:21,1422053541
40.717764,-73.957586,5.654724,2015-01-23 22:52:22,1422053542
40.717791,-73.957602,6.004913,2015-01-23 22:52:24,1422053544
40.717816,-73.957617,6.035492,2015-01-23 22:52:25,1422053545
40.717834,-73.957619,5.283295,2015-01-23 22:52:26,1422053546
40.717856,-73.95763,5.464813,2015-01-23 22:52:27,1422053547
40.717832,-73.95765,5.720612,2015-01-23 22:52:28,1422053548
40.717826,-73.957663,4.9758,2015-01-23 22:52:29,1422053549
40.717819,-73.957676,4.864777,2015-01-23 22:52:30,1422053550
40.717814,-73.957691,5.693665,2015-01-23 22:52:31,1422053551
40.717809,-73.957702,5.978851,2015-01-23 22:52:32,1422053552
40.717803,-73.957715,6.264221,2015-01-23 22:52:33,1422053553
40.717794,-73.957727,6.11438,2015-01-23 22:52:34,1422053554
40.717786,-73.95774,6.078278,2015-01-23 22:52:35,1422053555
40.717776,-73.957753,6.289215,2015-01-23 22:52:36,1422053556
40.717768,-73.957767,6.208466,2015-01-23 22:52:37,1422053557
40.71776,-73.957783,6.696442,2015-01-23 22:52:38,1422053558
40.717753,-73.957798,6.828094,2015-01-23 22:52:39,1422053559
40.717743,-73.957809,6.524109,2015-01-23 22:52:40,1422053560
40.717731,-73.95782,6.557648,2015-01-23 22:52:41,1422053561
40.717718,-73.957828,6.649323,2015-01-23 22:52:42,1422053562
40.717703,-73.957834,6.805389,2015-01-23 22:52:43,1422053563
40.717686,-73.957837,6.993744,2015-01-23 22:52:44,1422053564
40.717659,-73.957862,6.993744,2015-01-23 22:52:57,1422053577
40.7176,-73.957528,10.693695,2015-01-23 22:52:57,1422053577
40.717574,-73.95761,6.766266,2015-01-23 22:52:58,1422053578
40.717544,-73.957664,6.363007,2015-01-23 22:52:59,1422053579
40.717519,-73.957709,6.471771,2015-01-23 22:53:00,1422053580
40.717493,-73.957737,6.681396,2015-01-23 22:53:01,1422053581
40.717472,-73.957781,7.136688,2015-01-23 22:53:02,1422053582
40.717459,-73.957831,7.969208,2015-01-23 22:53:03,1422053583
40.717448,-73.957876,8.208954,2015-01-23 22:53:04,1422053584
40.717435,-73.957913,8.015991,2015-01-23 22:53:05,1422053585
40.717426,-73.957948,8.119659,2015-01-23 22:53:06,1422053586
40.717418,-73.957982,8.429932,2015-01-23 22:53:07,1422053587
40.717404,-73.958009,7.984161,2015-01-23 22:53:08,1422053588
40.717392,-73.958032,8.274261,2015-01-23 22:53:09,1422053589
40.717381,-73.958053,8.59198,2015-01-23 22:53:10,1422053590
40.717369,-73.958075,8.805695,2015-01-23 22:53:11,1422053591
40.717355,-73.958094,9.070251,2015-01-23 22:53:12,1422053592
40.717343,-73.958112,9.252869,2015-01-23 22:53:13,1422053593
40.717329,-73.958124,8.718445,2015-01-23 22:53:14,1422053594
40.717317,-73.958137,8.552338,2015-01-23 22:53:15,1422053595
40.717303,-73.958145,8.152679,2015-01-23 22:53:16,1422053596
40.717292,-73.958157,9.125702,2015-01-23 22:53:17,1422053597
40.717284,-73.958173,9.446655,2015-01-23 22:53:18,1422053598
40.717279,-73.958195,9.714264,2015-01-23 22:53:19,1422053599
40.717275,-73.958213,9.593719,2015-01-23 22:53:20,1422053600
40.71727,-73.95823,9.697174,2015-01-23 22:53:21,1422053601
40.717266,-73.958246,9.592621,2015-01-23 22:53:22,1422053602
40.717258,-73.958261,9.960907,2015-01-23 22:53:23,1422053603
40.717246,-73.958269,9.87619,2015-01-23 22:53:24,1422053604
40.717233,-73.958273,10.120361,2015-01-23 22:53:25,1422053605
40.717219,-73.958275,10.703796,2015-01-23 22:53:26,1422053606
40.717205,-73.958276,10.592194,2015-01-23 22:53:27,1422053607
40.717192,-73.958277,9.878448,2015-01-23 22:53:28,1422053608
40.717179,-73.958283,9.757355,2015-01-23 22:53:29,1422053609
40.717167,-73.958294,9.769775,2015-01-23 22:53:30,1422053610
40.717154,-73.958306,10.066223,2015-01-23 22:53:31,1422053611
40.717141,-73.958317,9.354645,2015-01-23 22:53:32,1422053612
40.717131,-73.958327,9.355408,2015-01-23 22:53:33,1422053613
40.717121,-73.958337,9.16687,2015-01-23 22:53:34,1422053614
40.717111,-73.95835,9.419067,2015-01-23 22:53:35,1422053615
40.717102,-73.958364,9.040894,2015-01-23 22:53:36,1422053616
40.717094,-73.958378,8.503235,2015-01-23 22:53:37,1422053617
40.717085,-73.95839,8.663574,2015-01-23 22:53:38,1422053618
40.717078,-73.9584,8.63559,2015-01-23 22:53:39,1422053619
40.71707,-73.958412,9.042633,2015-01-23 22:53:40,1422053620
40.717062,-73.958426,9.489197,2015-01-23 22:53:41,1422053621
40.717056,-73.95844,9.520386,2015-01-23 22:53:42,1422053622
40.717051,-73.958455,8.875427,2015-01-23 22:53:43,1422053623
40.717045,-73.95847,9.616211,2015-01-23 22:53:44,1422053624
40.717039,-73.958483,9.414703,2015-01-23 22:53:45,1422053625
40.717033,-73.958496,9.637604,2015-01-23 22:53:46,1422053626
40.717025,-73.95851,9.373352,2015-01-23 22:53:47,1422053627
40.717015,-73.958523,9.407562,2015-01-23 22:53:48,1422053628
40.717006,-73.958536,9.364044,2015-01-23 22:53:49,1422053629
40.71699,-73.958551,8.614716,2015-01-23 22:53:50,1422053630
40.716977,-73.958565,8.559662,2015-01-23 22:53:51,1422053631
40.716961,-73.958575,8.583588,2015-01-23 22:53:52,1422053632
40.716947,-73.958586,8.932587,2015-01-23 22:53:53,1422053633
40.716934,-73.958604,9.339203,2015-01-23 22:53:54,1422053634
40.716927,-73.958627,8.82843,2015-01-23 22:53:55,1422053635
40.716919,-73.958646,9.057983,2015-01-23 22:53:56,1422053636
40.716909,-73.958664,9.512939,2015-01-23 22:53:57,1422053637
40.716897,-73.958679,9.395935,2015-01-23 22:53:58,1422053638
40.716885,-73.958694,9.275055,2015-01-23 22:53:59,1422053639
40.716874,-73.958713,11.111237,2015-01-23 22:54:00,1422053640
40.716864,-73.958729,10.908844,2015-01-23 22:54:01,1422053641
40.716852,-73.95874,11.720428,2015-01-23 22:54:02,1422053642
40.716839,-73.95875,11.607147,2015-01-23 22:54:03,1422053643
40.716826,-73.958761,11.195221,2015-01-23 22:54:04,1422053644
40.716813,-73.958775,11.226776,2015-01-23 22:54:05,1422053645
40.716799,-73.95879,11.727386,2015-01-23 22:54:06,1422053646
40.716787,-73.958804,12.273224,2015-01-23 22:54:07,1422053647
40.716775,-73.958818,12.118195,2015-01-23 22:54:08,1422053648
40.716762,-73.958831,12.034515,2015-01-23 22:54:09,1422053649
40.716747,-73.958837,10.813049,2015-01-23 22:54:10,1422053650
40.716732,-73.95884,11.113525,2015-01-23 22:54:11,1422053651
40.716718,-73.958842,10.254822,2015-01-23 22:54:12,1422053652
40.716708,-73.958848,9.859131,2015-01-23 22:54:13,1422053653
40.716707,-73.95886,9.518585,2015-01-23 22:54:14,1422053654
40.716717,-73.958874,9.297119,2015-01-23 22:54:15,1422053655
40.716723,-73.958889,9.439667,2015-01-23 22:54:16,1422053656
40.716735,-73.958901,10.231781,2015-01-23 22:54:17,1422053657
40.716742,-73.958911,9.238892,2015-01-23 22:54:18,1422053658
40.716747,-73.958923,8.792511,2015-01-23 22:54:19,1422053659
40.71674,-73.958942,8.965668,2015-01-23 22:54:20,1422053660
40.716727,-73.958959,8.263947,2015-01-23 22:54:21,1422053661
40.716711,-73.958973,8.191559,2015-01-23 22:54:22,1422053662
40.716699,-73.958987,8.033478,2015-01-23 22:54:23,1422053663
40.716688,-73.958998,7.597931,2015-01-23 22:54:24,1422053664
40.716679,-73.959008,7.387085,2015-01-23 22:54:25,1422053665
40.716671,-73.959015,7.758026,2015-01-23 22:54:26,1422053666
40.716662,-73.959024,7.772583,2015-01-23 22:54:27,1422053667
40.716658,-73.959,8.019043,2015-01-23 22:54:28,1422053668
40.716645,-73.959014,7.521545,2015-01-23 22:54:30,1422053670
40.716639,-73.959026,7.492737,2015-01-23 22:54:31,1422053671
40.716631,-73.959038,7.648682,2015-01-23 22:54:32,1422053672
40.716621,-73.959048,7.749512,2015-01-23 22:54:33,1422053673
40.71661,-73.959058,7.925537,2015-01-23 22:54:34,1422053674
40.716599,-73.959069,7.706238,2015-01-23 22:54:35,1422053675
40.716589,-73.959081,7.54895,2015-01-23 22:54:36,1422053676
40.716579,-73.959094,7.514404,2015-01-23 22:54:37,1422053677
40.716568,-73.959107,7.75943,2015-01-23 22:54:38,1422053678
40.716559,-73.959121,7.918182,2015-01-23 22:54:39,1422053679
40.71655,-73.959134,7.759888,2015-01-23 22:54:40,1422053680
40.716542,-73.959148,7.656158,2015-01-23 22:54:41,1422053681
40.716533,-73.95916,6.85791,2015-01-23 22:54:42,1422053682
40.716523,-73.959171,7.025757,2015-01-23 22:54:43,1422053683
40.716512,-73.959181,6.751678,2015-01-23 22:54:44,1422053684
40.716501,-73.959191,7.242157,2015-01-23 22:54:45,1422053685
40.716492,-73.959202,6.874695,2015-01-23 22:54:46,1422053686
40.716483,-73.959212,7.089386,2015-01-23 22:54:47,1422053687
40.716473,-73.959221,7.013763,2015-01-23 22:54:48,1422053688
40.716462,-73.959232,7.338867,2015-01-23 22:54:49,1422053689
40.716451,-73.959242,7.428375,2015-01-23 22:54:50,1422053690
40.716439,-73.959251,7.366669,2015-01-23 22:54:51,1422053691
40.716425,-73.95926,7.575073,2015-01-23 22:54:52,1422053692
40.71641,-73.95927,7.766174,2015-01-23 22:54:53,1422053693
40.716393,-73.95928,7.834747,2015-01-23 22:54:54,1422053694
40.716376,-73.959291,7.863525,2015-01-23 22:54:55,1422053695
40.716355,-73.959303,7.994141,2015-01-23 22:54:56,1422053696
40.71634,-73.959317,7.939728,2015-01-23 22:54:57,1422053697
40.716327,-73.959331,7.853241,2015-01-23 22:54:58,1422053698
40.716324,-73.959353,7.769745,2015-01-23 22:54:59,1422053699
40.716324,-73.959372,7.272095,2015-01-23 22:55:00,1422053700
40.716324,-73.959391,7.308044,2015-01-23 22:55:01,1422053701
40.716323,-73.95941,7.43515,2015-01-23 22:55:02,1422053702
40.716321,-73.959429,7.399902,2015-01-23 22:55:03,1422053703
40.716324,-73.959447,6.939362,2015-01-23 22:55:04,1422053704
40.716326,-73.959464,7.069977,2015-01-23 22:55:05,1422053705
40.716328,-73.95948,7.105286,2015-01-23 22:55:06,1422053706
40.716325,-73.959493,7.255219,2015-01-23 22:55:07,1422053707
40.716313,-73.959502,7.564423,2015-01-23 22:55:08,1422053708
40.716301,-73.959509,7.100372,2015-01-23 22:55:09,1422053709
40.716288,-73.959511,6.396912,2015-01-23 22:55:10,1422053710
40.716272,-73.959517,6.43985,2015-01-23 22:55:11,1422053711
40.716257,-73.95952,6.316559,2015-01-23 22:55:12,1422053712
40.716242,-73.959524,6.066193,2015-01-23 22:55:13,1422053713
40.716229,-73.959526,5.969269,2015-01-23 22:55:14,1422053714
40.716214,-73.959537,6.41507,2015-01-23 22:55:15,1422053715
40.716201,-73.95955,6.255157,2015-01-23 22:55:16,1422053716
40.716189,-73.959566,6.362366,2015-01-23 22:55:17,1422053717
40.716177,-73.959577,6.180267,2015-01-23 22:55:18,1422053718
40.716165,-73.959586,6.180725,2015-01-23 22:55:19,1422053719
40.716153,-73.959599,6.205261,2015-01-23 22:55:20,1422053720
40.716142,-73.959611,6.228333,2015-01-23 22:55:21,1422053721
40.716132,-73.959624,6.597046,2015-01-23 22:55:22,1422053722
40.716127,-73.959642,6.970642,2015-01-23 22:55:23,1422053723
40.716123,-73.959656,7.425201,2015-01-23 22:55:24,1422053724
40.716117,-73.959671,7.244598,2015-01-23 22:55:25,1422053725
40.716107,-73.959687,7.428741,2015-01-23 22:55:26,1422053726
40.716096,-73.959704,7.732635,2015-01-23 22:55:27,1422053727
40.716082,-73.959724,7.9617,2015-01-23 22:55:28,1422053728
40.716064,-73.95974,8.092163,2015-01-23 22:55:29,1422053729
40.716049,-73.959757,7.801819,2015-01-23 22:55:30,1422053730
40.716035,-73.959769,7.780426,2015-01-23 22:55:31,1422053731
40.716023,-73.959778,7.783142,2015-01-23 22:55:32,1422053732
40.716009,-73.959779,7.6586,2015-01-23 22:55:33,1422053733
40.715995,-73.959782,7.672943,2015-01-23 22:55:34,1422053734
40.715983,-73.959787,7.759369,2015-01-23 22:55:35,1422053735
40.715971,-73.959798,7.70755,2015-01-23 22:55:36,1422053736
40.715957,-73.959811,7.904327,2015-01-23 22:55:37,1422053737
40.715947,-73.959822,8.011047,2015-01-23 22:55:38,1422053738
40.715937,-73.95983,7.764526,2015-01-23 22:55:39,1422053739
40.715926,-73.959836,7.785889,2015-01-23 22:55:40,1422053740
40.715916,-73.959844,8.034576,2015-01-23 22:55:41,1422053741
40.715907,-73.959855,8.507141,2015-01-23 22:55:42,1422053742
40.7159,-73.959867,8.625793,2015-01-23 22:55:43,1422053743
40.715893,-73.95988,8.231384,2015-01-23 22:55:44,1422053744
40.715885,-73.959892,8.350433,2015-01-23 22:55:45,1422053745
40.715876,-73.959904,8.564148,2015-01-23 22:55:46,1422053746
40.715868,-73.959914,8.798279,2015-01-23 22:55:47,1422053747
40.715859,-73.959922,8.792206,2015-01-23 22:55:48,1422053748
40.715848,-73.959932,8.867157,2015-01-23 22:55:49,1422053749
40.71584,-73.959944,8.789215,2015-01-23 22:55:50,1422053750
40.71583,-73.959957,9.107697,2015-01-23 22:55:51,1422053751
40.715822,-73.959967,8.770233,2015-01-23 22:55:52,1422053752
40.715811,-73.95996,8.952057,2015-01-23 22:55:54,1422053754
40.715794,-73.959963,9.240784,2015-01-23 22:55:56,1422053756
40.715786,-73.95997,9.357422,2015-01-23 22:55:57,1422053757
40.715779,-73.95998,9.255005,2015-01-23 22:55:58,1422053758
40.715783,-73.959997,8.878143,2015-01-23 22:55:59,1422053759
40.715794,-73.960015,9.108765,2015-01-23 22:56:00,1422053760
40.715805,-73.960033,8.965973,2015-01-23 22:56:01,1422053761
40.715819,-73.960055,8.711151,2015-01-23 22:56:02,1422053762
40.715826,-73.960073,8.536377,2015-01-23 22:56:03,1422053763
40.715832,-73.960094,8.685028,2015-01-23 22:56:04,1422053764
40.715836,-73.960116,8.551025,2015-01-23 22:56:05,1422053765
40.715839,-73.960135,8.145599,2015-01-23 22:56:06,1422053766
40.715838,-73.960151,8.267578,2015-01-23 22:56:07,1422053767
40.715832,-73.960168,8.973846,2015-01-23 22:56:08,1422053768
40.715821,-73.960178,8.866364,2015-01-23 22:56:09,1422053769
40.715808,-73.960188,8.85614,2015-01-23 22:56:10,1422053770
40.715795,-73.960194,8.830872,2015-01-23 22:56:11,1422053771
40.715782,-73.960199,8.849213,2015-01-23 22:56:12,1422053772
40.715778,-73.960212,8.179382,2015-01-23 22:56:15,1422053775
40.715791,-73.960223,8.506805,2015-01-23 22:56:17,1422053777
40.7158,-73.960227,8.430908,2015-01-23 22:56:18,1422053778
40.715811,-73.960225,8.210632,2015-01-23 22:56:19,1422053779
40.715825,-73.960239,7.516693,2015-01-23 22:56:21,1422053781
40.715829,-73.96025,7.418945,2015-01-23 22:56:22,1422053782
40.715837,-73.960258,7.263184,2015-01-23 22:56:23,1422053783
40.715845,-73.960262,7.757812,2015-01-23 22:56:24,1422053784
40.71586,-73.960265,7.450378,2015-01-23 22:56:26,1422053786
40.715875,-73.960259,7.157898,2015-01-23 22:56:28,1422053788
40.715885,-73.960244,5.875549,2015-01-23 22:56:30,1422053790
40.715884,-73.960226,6.106293,2015-01-23 22:56:32,1422053792
40.715881,-73.960213,6.835114,2015-01-23 22:56:34,1422053794
40.715874,-73.960248,7.662933,2015-01-23 22:56:37,1422053797
40.715872,-73.960265,7.648285,2015-01-23 22:56:38,1422053798
40.715869,-73.960285,8.002014,2015-01-23 22:56:39,1422053799
40.715867,-73.960302,8.106018,2015-01-23 22:56:40,1422053800
40.715864,-73.960318,8.082581,2015-01-23 22:56:41,1422053801
40.715862,-73.960335,8.123199,2015-01-23 22:56:42,1422053802
40.71586,-73.960355,8.035187,2015-01-23 22:56:43,1422053803
40.715857,-73.960374,8.124359,2015-01-23 22:56:44,1422053804
40.715857,-73.960391,7.799469,2015-01-23 22:56:45,1422053805
40.715848,-73.960446,7.521118,2015-01-23 22:56:48,1422053808
40.715884,-73.960274,8.03833,2015-01-23 22:57:24,1422053844
40.715904,-73.960187,8.03833,2015-01-23 22:57:25,1422053845
40.715925,-73.960094,8.03833,2015-01-23 22:57:27,1422053847
40.716482,-73.958372,8.03833,2015-01-23 23:02:46,1422054166
40.71657,-73.958355,8.03833,2015-01-23 23:02:46,1422054166
40.716614,-73.958346,8.03833,2015-01-23 23:02:46,1422054166
40.716636,-73.958342,8.03833,2015-01-23 23:02:53,1422054173
40.717607,-73.959932,8.03833,2015-01-23 23:03:10,1422054190
40.718092,-73.960728,8.03833,2015-01-23 23:03:10,1422054190
40.718335,-73.961125,8.03833,2015-01-23 23:03:11,1422054191
40.718456,-73.961324,8.03833,2015-01-23 23:03:12,1422054192
40.718548,-73.961473,8.03833,2015-01-23 23:08:12,1422054492
40.717614,-73.959924,8.03833,2015-01-23 23:11:52,1422054712
40.717136,-73.959131,8.03833,2015-01-23 23:11:52,1422054712
40.716897,-73.958734,8.03833,2015-01-23 23:11:52,1422054712
40.717738,-73.960129,8.03833,2015-01-23 23:11:53,1422054713
40.718158,-73.960827,8.03833,2015-01-23 23:11:54,1422054714
40.718368,-73.961175,8.03833,2015-01-23 23:11:54,1422054714
40.718473,-73.961349,8.03833,2015-01-23 23:11:54,1422054714
40.717565,-73.959843,8.03833,2015-01-23 23:11:56,1422054716
40.717111,-73.95909,8.03833,2015-01-23 23:11:56,1422054716
40.716884,-73.958714,8.03833,2015-01-23 23:11:56,1422054716
